#Chromosome	Position	Reference_allele	Alternative_allele	Noise_rate
10	87960892	A	T	0.028
10	87960906	C	T	0.028
11	102328891	C	T	0.033
11	108243957	G	T	0.035
11	108326230	G	GT	0.040
1	116514826	CA	C	0.030
12	49030372	T	G	0.033
12	49030380	CGAT	GGGG	0.017
12	49033881	TTGC	T	0.031
12	49041403	T	G	0.046
12	49051716	A	G	0.034
1	26696516	AGGC	A	0.025
1	26696649	TGGC	T	0.018
1	26697299	T	C	0.031
1	26773690	CGCA	C	0.046
1	26774924	G	A	0.036
16	3729197	C	G	0.038
16	3729202	CC	GG	0.030
16	3729225	T	G	0.031
17	42218217	TG	T	0.033
17	42316879	C	A	0.031
18	63318558	C	G	0.012
19	19146283	A	G	0.033
19	19146334	T	G	0.050
19	35733342	A	G	0.035
19	35733391	T	G	0.044
19	41880740	T	G	0.043
19	41880742	A	G	0.044
19	41880744	T	G	0.035
19	6833212	G	C	0.034
4	152347075	CAAA	C	0.031
7	140734755	CAAT	AAAA	0.037
9	136505099	A	G	0.030
9	5073770	G	T	0.018
9	5126453	A	AT	0.022
