chr2	47641506	-	T
chr2	47641507	-	T
chr2	47641508	-	T
chr2	47641509	-	T
chr2	47641510	-	T
chr2	47641511	-	T
chr2	47641512	-	T
chr2	47641513	-	T
chr2	47641514	-	T
chr2	47641515	-	T
chr2	47641516	-	T
chr2	47641517	-	T
chr2	47641518	-	T
chr2	47641519	-	T
chr2	47641520	-	T
chr2	47641521	-	T
chr2	47641522	-	T
chr2	47641523	-	T
chr2	47641524	-	T
chr2	47641525	-	T
chr2	47641526	-	T
chr2	47641527	-	T
chr2	47641528	-	T
chr2	47641529	-	T
chr2	47641530	-	T
chr2	47641531	-	T
chr2	47641532	-	T
chr2	47641533	-	T
chr2	47641534	-	T
chr2	47641535	-	T
chr2	47641536	-	T
chr2	47641537	-	T
chr2	47641538	-	T
chr2	47641539	-	T
chr2	47641540	-	T
chr2	47641541	-	T
chr2	47641542	-	T
chr2	47641543	-	T
chr2	47641544	-	T
chr2	47641545	-	T
chr2	47641546	-	T
chr2	47641547	-	T
chr2	47641548	-	T
chr2	47641549	-	T
chr2	47641550	-	T
chr2	47641551	-	T
chr2	47641552	-	T
chr2	47641553	-	T
chr2	47641554	-	T
chr2	47641555	-	T
chr2	47641556	-	T
chr2	47641557	-	T
chr2	47641558	-	T
chr2	47641559	-	T
chr2	47641560	-	T
chr2	47641561	-	T
chr2	47641562	-	T
chr2	47641563	-	T
chr2	47641564	-	T
chr2	47641565	-	T
chr2	47641566	-	T
chr2	47641567	-	T
chr2	47641568	-	T
chr2	47641569	-	T
chr2	47641570	-	T
chr2	47641571	-	T
chr2	47641572	-	T
chr2	47641573	-	T
chr2	47641574	-	T
chr2	47641575	-	T
chr2	47641576	-	T
chr2	47641577	-	T
chr2	47641578	-	T
chr2	47641579	-	T
chr2	47641580	-	T
chr2	47641581	-	T
chr2	47641582	-	T
chr2	47641583	-	T
chr2	47641584	-	T
chr2	47641585	-	T
chr2	47641586	-	T
chr2	47641587	-	T
chr2	47641588	-	T
chr2	47641589	-	T
chr2	47641590	-	T
chr2	47641591	-	T
chr2	47641592	-	T
chr2	47641593	-	T
chr2	47641594	-	T
chr2	47641595	-	T
chr2	47641596	-	T
chr2	47641597	-	T
chr2	47641598	-	T
chr2	47641599	-	T
chr2	47641600	-	T
chr2	47641601	-	T
chr2	47641602	-	T
chr2	47641603	-	T
chr2	47641604	-	T
chr2	47641605	-	T
chr2	47641606	-	T
chr2	47641607	-	T
chr2	47641608	-	T
chr2	47641609	-	T
chr2	47641610	-	T
chr2	47641611	-	T
chr2	47641612	-	T
chr2	47641613	-	T
chr2	47641614	-	T
chr2	47641615	-	T
chr2	47641616	-	T
chr2	47641617	-	T
chr2	47641618	-	T
chr2	47641619	-	T
chr2	47641620	-	T
chr2	47641621	-	T
chr2	47641622	-	T
chr2	47641623	-	T
chr2	47641624	-	T
chr2	47641625	-	T
chr2	47641626	-	T
chr2	47641627	-	T
chr2	47641628	-	T
chr2	47641629	-	T
chr2	47641630	-	T
chr2	47641631	-	T
chr2	47641632	-	T
chr2	47641633	-	T
chr2	47641634	-	T
chr2	47641635	-	T
chr2	47641636	-	T
chr2	47641637	-	T
chr2	47641638	-	T
chr2	47641639	-	T
chr2	47641640	-	T
chr2	47641641	-	T
chr2	47641642	-	T
chr4	55598140	-	T
chr4	55598141	-	T
chr4	55598142	-	T
chr4	55598143	-	T
chr4	55598144	-	T
chr4	55598145	-	T
chr4	55598146	-	T
chr4	55598147	-	T
chr4	55598148	-	T
chr4	55598149	-	T
chr4	55598150	-	T
chr4	55598151	-	T
chr4	55598152	-	T
chr4	55598153	-	T
chr4	55598154	-	T
chr4	55598155	-	T
chr4	55598156	-	T
chr4	55598157	-	T
chr4	55598158	-	T
chr4	55598159	-	T
chr4	55598160	-	T
chr4	55598161	-	T
chr4	55598162	-	T
chr4	55598163	-	T
chr4	55598164	-	T
chr4	55598165	-	T
chr4	55598166	-	T
chr4	55598167	-	T
chr4	55598168	-	T
chr4	55598169	-	T
chr4	55598170	-	T
chr4	55598171	-	T
chr4	55598172	-	T
chr4	55598173	-	T
chr4	55598174	-	T
chr4	55598175	-	T
chr4	55598176	-	T
chr4	55598177	-	T
chr4	55598178	-	T
chr4	55598179	-	T
chr4	55598180	-	T
chr4	55598181	-	T
chr4	55598182	-	T
chr4	55598183	-	T
chr4	55598184	-	T
chr4	55598185	-	T
chr4	55598186	-	T
chr4	55598187	-	T
chr4	55598188	-	T
chr4	55598189	-	T
chr4	55598190	-	T
chr4	55598191	-	T
chr4	55598192	-	T
chr4	55598193	-	T
chr4	55598194	-	T
chr4	55598195	-	T
chr4	55598196	-	T
chr4	55598197	-	T
chr4	55598198	-	T
chr4	55598199	-	T
chr4	55598200	-	T
chr4	55598201	-	T
chr4	55598202	-	T
chr4	55598203	-	T
chr4	55598204	-	T
chr4	55598205	-	T
chr4	55598206	-	T
chr4	55598207	-	T
chr4	55598208	-	T
chr4	55598209	-	T
chr4	55598210	-	T
chr4	55598211	-	T
chr4	55598212	-	T
chr4	55598213	-	T
chr4	55598214	-	T
chr4	55598215	-	T
chr4	55598216	-	T
chr4	55598217	-	T
chr4	55598218	-	T
chr4	55598219	-	T
chr4	55598220	-	T
chr4	55598221	-	T
chr4	55598222	-	T
chr4	55598223	-	T
chr4	55598224	-	T
chr4	55598225	-	T
chr4	55598226	-	T
chr4	55598227	-	T
chr4	55598228	-	T
chr4	55598229	-	T
chr4	55598230	-	T
chr4	55598231	-	T
chr4	55598232	-	T
chr4	55598233	-	T
chr4	55598234	-	T
chr4	55598235	-	T
chr4	55598236	-	T
chr4	55598237	-	T
chr4	55598238	-	T
chr4	55598239	-	T
chr4	55598240	-	T
chr4	55598241	-	T
chr4	55598242	-	T
chr4	55598243	-	T
chr4	55598244	-	T
chr4	55598245	-	T
chr4	55598246	-	T
chr4	55598247	-	T
chr4	55598248	-	T
chr4	55598249	-	T
chr4	55598250	-	T
chr4	55598251	-	T
chr4	55598252	-	T
chr4	55598253	-	T
chr4	55598254	-	T
chr4	55598255	-	T
chr4	55598256	-	T
chr4	55598257	-	T
chr4	55598258	-	T
chr4	55598259	-	T
chr4	55598260	-	T
chr4	55598261	-	T
chr4	55598262	-	T
chr4	55598263	-	T
chr4	55598264	-	T
chr4	55598265	-	T
chr4	55598266	-	T
chr4	55598267	-	T
chr4	55598268	-	T
chr4	55598269	-	T
chr4	55598270	-	T
chr4	55598271	-	T
chr4	55598272	-	T
chr4	55598273	-	T
chr4	55598274	-	T
chr4	55598275	-	T
chr4	55598276	-	T
chr4	55598277	-	T
chr4	55598278	-	T
chr4	55598279	-	T
chr4	55598280	-	T
chr4	55598281	-	T
chr4	55598282	-	T
chr4	55598283	-	T
chr4	55598284	-	T
chr4	55598285	-	T
chr4	55598286	-	T
chr4	55598287	-	T
chr4	55598288	-	T
chr4	55598289	-	T
chr4	55598290	-	T
chr11	102193451	-	T
chr11	102193452	-	T
chr11	102193453	-	T
chr11	102193454	-	T
chr11	102193455	-	T
chr11	102193456	-	T
chr11	102193457	-	T
chr11	102193458	-	T
chr11	102193459	-	T
chr11	102193460	-	T
chr11	102193461	-	T
chr11	102193462	-	T
chr11	102193463	-	T
chr11	102193464	-	T
chr11	102193465	-	T
chr11	102193466	-	T
chr11	102193467	-	T
chr11	102193468	-	T
chr11	102193469	-	T
chr11	102193470	-	T
chr11	102193471	-	T
chr11	102193472	-	T
chr11	102193473	-	T
chr11	102193474	-	T
chr11	102193475	-	T
chr11	102193476	-	T
chr11	102193477	-	T
chr11	102193478	-	T
chr11	102193479	-	T
chr11	102193480	-	T
chr11	102193481	-	T
chr11	102193482	-	T
chr11	102193483	-	T
chr11	102193484	-	T
chr11	102193485	-	T
chr11	102193486	-	T
chr11	102193487	-	T
chr11	102193488	-	T
chr11	102193489	-	T
chr11	102193490	-	T
chr11	102193491	-	T
chr11	102193492	-	T
chr11	102193493	-	T
chr11	102193494	-	T
chr11	102193495	-	T
chr11	102193496	-	T
chr11	102193497	-	T
chr11	102193498	-	T
chr11	102193499	-	T
chr11	102193500	-	T
chr11	102193501	-	T
chr11	102193502	-	T
chr11	102193503	-	T
chr11	102193504	-	T
chr11	102193505	-	T
chr11	102193506	-	T
chr11	102193507	-	T
chr11	102193508	-	T
chr11	102193509	-	T
chr11	102193510	-	T
chr11	102193511	-	T
chr11	102193512	-	T
chr11	102193513	-	T
chr11	102193514	-	T
chr11	102193515	-	T
chr11	102193516	-	T
chr11	102193517	-	T
chr11	102193518	-	T
chr11	102193519	-	T
chr11	102193520	-	T
chr11	102193521	-	T
chr11	102193522	-	T
chr11	102193523	-	T
chr11	102193524	-	T
chr11	102193525	-	T
chr11	102193526	-	T
chr11	102193527	-	T
chr11	102193528	-	T
chr11	102193529	-	T
chr11	102193530	-	T
chr11	102193531	-	T
chr11	102193532	-	T
chr11	102193533	-	T
chr11	102193534	-	T
chr11	102193535	-	T
chr11	102193536	-	T
chr11	102193537	-	T
chr11	102193538	-	T
chr11	102193539	-	T
chr11	102193540	-	T
chr11	102193541	-	T
chr11	102193542	-	T
chr11	102193543	-	T
chr11	102193544	-	T
chr11	102193545	-	T
chr11	102193546	-	T
chr11	102193547	-	T
chr11	102193548	-	T
chr11	102193549	-	T
chr11	102193550	-	T
chr11	102193551	-	T
chr11	102193552	-	T
chr11	102193553	-	T
chr11	102193554	-	T
chr11	102193555	-	T
chr11	102193556	-	T
chr11	102193557	-	T
chr11	102193558	-	T
chr11	102193559	-	T
chr11	102193560	-	T
chr11	102193561	-	T
chr11	102193562	-	T
chr11	102193563	-	T
chr11	102193564	-	T
chr11	102193565	-	T
chr11	102193566	-	T
chr11	102193567	-	T
chr11	102193568	-	T
chr11	102193569	-	T
chr11	102193570	-	T
chr11	102193571	-	T
chr11	102193572	-	T
chr11	102193573	-	T
chr11	102193574	-	T
chr11	102193575	-	T
chr11	102193576	-	T
chr11	102193577	-	T
chr11	102193578	-	T
chr11	102193579	-	T
chr11	102193580	-	T
chr11	102193581	-	T
chr11	102193582	-	T
chr11	102193583	-	T
chr11	102193584	-	T
chr11	102193585	-	T
chr11	102193586	-	T
chr11	125490715	-	T
chr11	125490716	-	T
chr11	125490717	-	T
chr11	125490718	-	T
chr11	125490719	-	T
chr11	125490720	-	T
chr11	125490721	-	T
chr11	125490722	-	T
chr11	125490723	-	T
chr11	125490724	-	T
chr11	125490725	-	T
chr11	125490726	-	T
chr11	125490727	-	T
chr11	125490728	-	T
chr11	125490729	-	T
chr11	125490730	-	T
chr11	125490731	-	T
chr11	125490732	-	T
chr11	125490733	-	T
chr11	125490734	-	T
chr11	125490735	-	T
chr11	125490736	-	T
chr11	125490737	-	T
chr11	125490738	-	T
chr11	125490739	-	T
chr11	125490740	-	T
chr11	125490741	-	T
chr11	125490742	-	T
chr11	125490743	-	T
chr11	125490744	-	T
chr11	125490745	-	T
chr11	125490746	-	T
chr11	125490747	-	T
chr11	125490748	-	T
chr11	125490749	-	T
chr11	125490750	-	T
chr11	125490751	-	T
chr11	125490752	-	T
chr11	125490753	-	T
chr11	125490754	-	T
chr11	125490755	-	T
chr11	125490756	-	T
chr11	125490757	-	T
chr11	125490758	-	T
chr11	125490759	-	T
chr11	125490760	-	T
chr11	125490761	-	T
chr11	125490762	-	T
chr11	125490763	-	T
chr11	125490764	-	T
chr11	125490765	-	T
chr11	125490766	-	T
chr11	125490767	-	T
chr11	125490768	-	T
chr11	125490769	-	T
chr11	125490770	-	T
chr11	125490771	-	T
chr11	125490772	-	T
chr11	125490773	-	T
chr11	125490774	-	T
chr11	125490775	-	T
chr11	125490776	-	T
chr11	125490777	-	T
chr11	125490778	-	T
chr11	125490779	-	T
chr11	125490780	-	T
chr11	125490781	-	T
chr11	125490782	-	T
chr11	125490783	-	T
chr11	125490784	-	T
chr11	125490785	-	T
chr11	125490786	-	T
chr11	125490787	-	T
chr11	125490788	-	T
chr11	125490789	-	T
chr11	125490790	-	T
chr11	125490791	-	T
chr11	125490792	-	T
chr11	125490793	-	T
chr11	125490794	-	T
chr11	125490795	-	T
chr11	125490796	-	T
chr11	125490797	-	T
chr11	125490798	-	T
chr11	125490799	-	T
chr11	125490800	-	T
chr11	125490801	-	T
chr11	125490802	-	T
chr11	125490803	-	T
chr11	125490804	-	T
chr11	125490805	-	T
chr11	125490806	-	T
chr11	125490807	-	T
chr11	125490808	-	T
chr11	125490809	-	T
chr11	125490810	-	T
chr11	125490811	-	T
chr11	125490812	-	T
chr11	125490813	-	T
chr11	125490814	-	T
chr11	125490815	-	T
chr11	125490816	-	T
chr11	125490817	-	T
chr11	125490818	-	T
chr11	125490819	-	T
chr11	125490820	-	T
chr11	125490821	-	T
chr11	125490822	-	T
chr11	125490823	-	T
chr11	125490824	-	T
chr11	125490825	-	T
chr11	125490826	-	T
chr11	125490827	-	T
chr11	125490828	-	T
chr11	125490829	-	T
chr11	125490830	-	T
chr11	125490831	-	T
chr11	125490832	-	T
chr11	125490833	-	T
chr11	125490834	-	T
chr11	125490835	-	T
chr11	125490836	-	T
chr11	125490837	-	T
chr11	125490838	-	T
chr11	125490839	-	T
chr11	125490840	-	T
chr11	125490841	-	T
chr11	125490842	-	T
chr11	125490843	-	T
chr11	125490844	-	T
chr11	125490845	-	T
chr11	125490846	-	T
chr11	125490847	-	T
chr11	125490848	-	T
chr11	125490849	-	T
chr11	125490850	-	T
chr11	125490851	-	T
chr11	125490852	-	T
chr13	31722592	-	T
chr13	31722593	-	T
chr13	31722594	-	T
chr13	31722595	-	T
chr13	31722596	-	T
chr13	31722597	-	T
chr13	31722598	-	T
chr13	31722599	-	T
chr13	31722600	-	T
chr13	31722601	-	T
chr13	31722602	-	T
chr13	31722603	-	T
chr13	31722604	-	T
chr13	31722605	-	T
chr13	31722606	-	T
chr13	31722607	-	T
chr13	31722608	-	T
chr13	31722609	-	T
chr13	31722610	-	T
chr13	31722611	-	T
chr13	31722612	-	T
chr13	31722613	-	T
chr13	31722614	-	T
chr13	31722615	-	T
chr13	31722616	-	T
chr13	31722617	-	T
chr13	31722618	-	T
chr13	31722619	-	T
chr13	31722620	-	T
chr13	31722621	-	T
chr13	31722622	-	T
chr13	31722623	-	T
chr13	31722624	-	T
chr13	31722625	-	T
chr13	31722626	-	T
chr13	31722627	-	T
chr13	31722628	-	T
chr13	31722629	-	T
chr13	31722630	-	T
chr13	31722631	-	T
chr13	31722632	-	T
chr13	31722633	-	T
chr13	31722634	-	T
chr13	31722635	-	T
chr13	31722636	-	T
chr13	31722637	-	T
chr13	31722638	-	T
chr13	31722639	-	T
chr13	31722640	-	T
chr13	31722641	-	T
chr13	31722642	-	T
chr13	31722643	-	T
chr13	31722644	-	T
chr13	31722645	-	T
chr13	31722646	-	T
chr13	31722647	-	T
chr13	31722648	-	T
chr13	31722649	-	T
chr13	31722650	-	T
chr13	31722651	-	T
chr13	31722652	-	T
chr13	31722653	-	T
chr13	31722654	-	T
chr13	31722655	-	T
chr13	31722656	-	T
chr13	31722657	-	T
chr13	31722658	-	T
chr13	31722659	-	T
chr13	31722660	-	T
chr13	31722661	-	T
chr13	31722662	-	T
chr13	31722663	-	T
chr13	31722664	-	T
chr13	31722665	-	T
chr13	31722666	-	T
chr13	31722667	-	T
chr13	31722668	-	T
chr13	31722669	-	T
chr13	31722670	-	T
chr13	31722671	-	T
chr13	31722672	-	T
chr13	31722673	-	T
chr13	31722674	-	T
chr13	31722675	-	T
chr13	31722676	-	T
chr13	31722677	-	T
chr13	31722678	-	T
chr13	31722679	-	T
chr13	31722680	-	T
chr13	31722681	-	T
chr13	31722682	-	T
chr13	31722683	-	T
chr13	31722684	-	T
chr13	31722685	-	T
chr13	31722686	-	T
chr13	31722687	-	T
chr13	31722688	-	T
chr13	31722689	-	T
chr13	31722690	-	T
chr13	31722691	-	T
chr13	31722692	-	T
chr13	31722693	-	T
chr13	31722694	-	T
chr13	31722695	-	T
chr13	31722696	-	T
chr13	31722697	-	T
chr13	31722698	-	T
chr13	31722699	-	T
chr13	31722700	-	T
chr13	31722701	-	T
chr13	31722702	-	T
chr13	31722703	-	T
chr13	31722704	-	T
chr13	31722705	-	T
chr13	31722706	-	T
chr13	31722707	-	T
chr13	31722708	-	T
chr13	31722709	-	T
chr13	31722710	-	T
chr13	31722711	-	T
chr13	31722712	-	T
chr13	31722713	-	T
chr14	23652277	-	T
chr14	23652278	-	T
chr14	23652279	-	T
chr14	23652280	-	T
chr14	23652281	-	T
chr14	23652282	-	T
chr14	23652283	-	T
chr14	23652284	-	T
chr14	23652285	-	T
chr14	23652286	-	T
chr14	23652287	-	T
chr14	23652288	-	T
chr14	23652289	-	T
chr14	23652290	-	T
chr14	23652291	-	T
chr14	23652292	-	T
chr14	23652293	-	T
chr14	23652294	-	T
chr14	23652295	-	T
chr14	23652296	-	T
chr14	23652297	-	T
chr14	23652298	-	T
chr14	23652299	-	T
chr14	23652300	-	T
chr14	23652301	-	T
chr14	23652302	-	T
chr14	23652303	-	T
chr14	23652304	-	T
chr14	23652305	-	T
chr14	23652306	-	T
chr14	23652307	-	T
chr14	23652308	-	T
chr14	23652309	-	T
chr14	23652310	-	T
chr14	23652311	-	T
chr14	23652312	-	T
chr14	23652313	-	T
chr14	23652314	-	T
chr14	23652315	-	T
chr14	23652316	-	T
chr14	23652317	-	T
chr14	23652318	-	T
chr14	23652319	-	T
chr14	23652320	-	T
chr14	23652321	-	T
chr14	23652322	-	T
chr14	23652323	-	T
chr14	23652324	-	T
chr14	23652325	-	T
chr14	23652326	-	T
chr14	23652327	-	T
chr14	23652328	-	T
chr14	23652329	-	T
chr14	23652330	-	T
chr14	23652331	-	T
chr14	23652332	-	T
chr14	23652333	-	T
chr14	23652334	-	T
chr14	23652335	-	T
chr14	23652336	-	T
chr14	23652337	-	T
chr14	23652338	-	T
chr14	23652339	-	T
chr14	23652340	-	T
chr14	23652341	-	T
chr14	23652342	-	T
chr14	23652343	-	T
chr14	23652344	-	T
chr14	23652345	-	T
chr14	23652346	-	T
chr14	23652347	-	T
chr14	23652348	-	T
chr14	23652349	-	T
chr14	23652350	-	T
chr14	23652351	-	T
chr14	23652352	-	T
chr14	23652353	-	T
chr14	23652354	-	T
chr14	23652355	-	T
chr14	23652356	-	T
chr14	23652357	-	T
chr14	23652358	-	T
chr14	23652359	-	T
chr14	23652360	-	T
chr14	23652361	-	T
chr14	23652362	-	T
chr14	23652363	-	T
chr14	23652364	-	T
chr14	23652365	-	T
chr14	23652366	-	T
chr14	23652367	-	T
chr14	23652368	-	T
chr14	23652369	-	T
chr14	23652370	-	T
chr14	23652371	-	T
chr14	23652372	-	T
chr14	23652373	-	T
chr14	23652374	-	T
chr14	23652375	-	T
chr14	23652376	-	T
chr14	23652377	-	T
chr14	23652378	-	T
chr14	23652379	-	T
chr14	23652380	-	T
chr14	23652381	-	T
chr14	23652382	-	T
chr14	23652383	-	T
chr14	23652384	-	T
chr14	23652385	-	T
chr14	23652386	-	T
chr14	23652387	-	T
chr14	23652388	-	T
chr14	23652389	-	T
chr14	23652390	-	T
chr14	23652391	-	T
chr14	23652392	-	T
chr14	23652393	-	T
chr14	23652394	-	T
chr14	23652395	-	T
chr14	23652396	-	T
chr14	23652397	-	T
chr14	23652398	-	T
chr14	23652399	-	T
chr14	23652400	-	T
chr14	23652401	-	T
chr14	23652402	-	T
chr14	23652403	-	T
chr14	23652404	-	T
chr14	23652405	-	T
chr14	23652406	-	T
chr14	23652407	-	T
chr14	23652408	-	T
chr14	23652409	-	T
chr14	23652410	-	T
chr14	23652411	-	T
chr14	23652412	-	T
chr14	23652413	-	T
chr14	23652414	-	T
chr14	23652415	-	T
chr14	23652416	-	T
chr14	23652417	-	T
chr14	23652418	-	T
chr14	23652419	-	T
chr14	23652420	-	T
